date,actual_admissions,predicted_admissions
2025-08-10,112,106.77
2025-08-11,114,104.02
2025-08-12,112,105.565
2025-08-13,102,108.44
2025-08-14,98,109.12
2025-08-15,109,106.19
2025-08-16,106,110.455
2025-08-17,107,114.03
2025-08-18,101,114.595
2025-08-19,114,112.395
2025-08-20,102,113.255
2025-08-21,108,114.16
2025-08-22,111,113.325
2025-08-23,110,113.185
2025-08-24,106,111.055
2025-08-25,121,114.115
2025-08-26,112,112.65
2025-08-27,111,113.745
2025-08-28,103,114.525
2025-08-29,120,115.435
2025-08-30,116,112.86
2025-08-31,117,112.365
2025-09-01,112,109.535
2025-09-02,106,111.84
2025-09-03,112,114.67
2025-09-04,117,114.125
2025-09-05,111,111.4
2025-09-06,117,110.46
2025-09-07,115,110.475
2025-09-08,120,110.955
2025-09-09,113,111.325
2025-09-10,101,111.07
2025-09-11,113,112.45
2025-09-12,124,111.62
2025-09-13,121,111.775
2025-09-14,125,110.49
2025-09-15,105,116.245
2025-09-16,119,111.35
2025-09-17,110,114.565
2025-09-18,119,114.625
2025-09-19,118,118.605
2025-09-20,118,117.43
2025-09-21,124,116.19
2025-09-22,122,116.75
2025-09-23,117,118.33
2025-09-24,115,119.475
2025-09-25,111,120.265
2025-09-26,111,117.33
2025-09-27,123,116.65
2025-09-28,122,119.56
2025-09-29,113,119.75
2025-09-30,110,116.06
2025-10-01,126,117.635
2025-10-02,112,116.555
2025-10-03,111,116.13
2025-10-04,122,117.405
2025-10-05,117,118.76
2025-10-06,120,117.775
2025-10-07,124,119.075
2025-10-08,121,118.895
2025-10-09,119,121.65
2025-10-10,130,120.915
2025-10-11,122,121.01
2025-10-12,123,122.38
2025-10-13,122,122.195
2025-10-14,129,123.13
2025-10-15,129,119.425
2025-10-16,126,121.375
2025-10-17,138,121.32
2025-10-18,112,122.51
2025-10-19,132,124.655
2025-10-20,127,125.2
2025-10-21,126,124.71
2025-10-22,120,125.25
2025-10-23,129,126.18
2025-10-24,125,125.605
2025-10-25,128,126.7
2025-10-26,122,124.8
2025-10-27,126,127.535
2025-10-28,131,126.01
2025-10-29,129,123.925
2025-10-30,131,124.045
2025-10-31,121,126.54
2025-11-01,129,127.51
2025-11-02,116,124.905
2025-11-03,136,130.24
2025-11-04,127,126.505
2025-11-05,140,128.955
2025-11-06,134,129.325
2025-11-07,135,128.445
2025-11-08,137,129.39
2025-11-09,147,130.145
2025-11-10,126,131.965
2025-11-11,124,130.505
2025-11-12,129,129.79
2025-11-13,130,132.06
2025-11-14,127,135.72
2025-11-15,129,133.21
2025-11-16,130,135.65
2025-11-17,144,133.07
2025-11-18,120,132.07
2025-11-19,131,135.55
2025-11-20,128,133.1
2025-11-21,128,133.505
2025-11-22,149,133.53
2025-11-23,133,132.125
2025-11-24,138,137.0
2025-11-25,124,136.295
2025-11-26,143,132.415
2025-11-27,125,132.37
2025-11-28,144,134.89
2025-11-29,121,131.165
2025-11-30,150,138.355
2025-12-01,143,131.51
2025-12-02,125,132.985
2025-12-03,134,132.905
2025-12-04,134,133.475
2025-12-05,133,133.02
2025-12-06,138,137.305
2025-12-07,139,130.855
2025-12-08,121,133.155
2025-12-09,127,140.61
2025-12-10,145,139.045
2025-12-11,139,137.32
2025-12-12,138,137.995
2025-12-13,129,136.245
2025-12-14,152,138.035
2025-12-15,134,135.06
2025-12-16,141,136.26
2025-12-17,147,134.44
2025-12-18,159,137.29
2025-12-19,143,142.255
2025-12-20,132,139.16
2025-12-21,139,138.305
2025-12-22,130,140.675
2025-12-23,138,140.27
2025-12-24,145,141.735
2025-12-25,129,142.07
2025-12-26,125,138.66
2025-12-27,137,142.855
2025-12-28,148,137.62
2025-12-29,131,139.56
2025-12-30,148,140.17
2025-12-31,125,140.185
